<dziennik><klasa klasa="1c"><uczen imie="Jacek" nazwisko="Malcerzak"><przedmiot nazwa="polski"><ocena>5</ocena><ocena>1</ocena><ocena>2</ocena><ocena>2</ocena><ocena>1</ocena><ocena>1</ocena></przedmiot><przedmiot nazwa="matematyka"><ocena>1</ocena><ocena>1</ocena><ocena>4</ocena></przedmiot><przedmiot nazwa="historia"><ocena>1</ocena></przedmiot><przedmiot nazwa="biologia" /><przedmiot nazwa="angielski" /></uczen><uczen imie="Maciej" nazwisko="Maly"><przedmiot nazwa="polski"><ocena>1</ocena></przedmiot><przedmiot nazwa="matematyka" /><przedmiot nazwa="historia" /><przedmiot nazwa="biologia" /><przedmiot nazwa="angielski" /></uczen><uczen imie="Mirek" nazwisko="Swirek"><przedmiot nazwa="polski" /><przedmiot nazwa="matematyka" /><przedmiot nazwa="historia" /><przedmiot nazwa="biologia" /><przedmiot nazwa="angielski" /></uczen><uczen imie="Maks" nazwisko="Fax"><przedmiot nazwa="polski" /><przedmiot nazwa="matematyka" /><przedmiot nazwa="historia" /><przedmiot nazwa="biologia" /><przedmiot nazwa="angielski" /></uczen></klasa><klasa klasa="2e"><uczen imie="Adam" nazwisko="Wasiak"><przedmiot nazwa="polski" /><przedmiot nazwa="matematyka" /><przedmiot nazwa="historia" /><przedmiot nazwa="biologia" /><przedmiot nazwa="angielski" /></uczen></klasa><klasa klasa="1a"><uczen imie="Marek" nazwisko="Smialek"><przedmiot nazwa="polski" /><przedmiot nazwa="matematyka" /><przedmiot nazwa="historia" /><przedmiot nazwa="biologia" /><przedmiot nazwa="angielski" /></uczen><uczen imie="" nazwisko=""><przedmiot nazwa="polski" /><przedmiot nazwa="matematyka" /><przedmiot nazwa="historia" /><przedmiot nazwa="biologia" /><przedmiot nazwa="angielski" /></uczen><uczen imie="dsd" nazwisko="sadas"><przedmiot nazwa="polski" /><przedmiot nazwa="matematyka" /><przedmiot nazwa="historia" /><przedmiot nazwa="biologia" /><przedmiot nazwa="angielski" /></uczen><uczen imie="" nazwisko=""><przedmiot nazwa="polski" /><przedmiot nazwa="matematyka" /><przedmiot nazwa="historia" /><przedmiot nazwa="biologia" /><przedmiot nazwa="angielski" /></uczen><uczen imie=" " nazwisko=" "><przedmiot nazwa="polski" /><przedmiot nazwa="matematyka" /><przedmiot nazwa="historia" /><przedmiot nazwa="biologia" /><przedmiot nazwa="angielski" /></uczen><uczen imie="12334" nazwisko="123344"><przedmiot nazwa="polski" /><przedmiot nazwa="matematyka" /><przedmiot nazwa="historia" /><przedmiot nazwa="biologia" /><przedmiot nazwa="angielski" /></uczen><uczen imie="aas" nazwisko="asdas"><przedmiot nazwa="polski" /><przedmiot nazwa="matematyka" /><przedmiot nazwa="historia" /><przedmiot nazwa="biologia" /><przedmiot nazwa="angielski" /></uczen><uczen imie="mar ek" nazwisko="zeg arek"><przedmiot nazwa="polski" /><przedmiot nazwa="matematyka" /><przedmiot nazwa="historia" /><przedmiot nazwa="biologia" /><przedmiot nazwa="angielski" /></uczen><uczen imie=" " nazwisko=" "><przedmiot nazwa="polski" /><przedmiot nazwa="matematyka" /><przedmiot nazwa="historia" /><przedmiot nazwa="biologia" /><przedmiot nazwa="angielski" /></uczen><uczen imie="asdadada" nazwisko="dsadsdsad"><przedmiot nazwa="polski" /><przedmiot nazwa="matematyka" /><przedmiot nazwa="historia" /><przedmiot nazwa="biologia" /><przedmiot nazwa="angielski" /></uczen><uczen imie="dsadsadsad" nazwisko="dsadsadas"><przedmiot nazwa="polski" /><przedmiot nazwa="matematyka" /><przedmiot nazwa="historia" /><przedmiot nazwa="biologia" /><przedmiot nazwa="angielski" /></uczen></klasa><klasa klasa="6d"><uczen imie="Marek" nazwisko="Kiki"><przedmiot nazwa="polski" /><przedmiot nazwa="matematyka" /><przedmiot nazwa="historia" /><przedmiot nazwa="biologia" /><przedmiot nazwa="angielski"><ocena>1</ocena></przedmiot></uczen></klasa><klasa klasa="4c"><uczen imie="mirek" nazwisko="swirek"><przedmiot nazwa="polski" /><przedmiot nazwa="matematyka" /><przedmiot nazwa="historia" /><przedmiot nazwa="biologia" /><przedmiot nazwa="angielski" /></uczen></klasa><klasa klasa="5e"><uczen imie="Radek" nazwisko="dsdas"><przedmiot nazwa="polski" /><przedmiot nazwa="matematyka" /><przedmiot nazwa="historia" /><przedmiot nazwa="biologia" /><przedmiot nazwa="angielski" /></uczen></klasa><klasa klasa="5b"><uczen imie="Damioan" nazwisko="dasd"><przedmiot nazwa="polski" /><przedmiot nazwa="matematyka" /><przedmiot nazwa="historia" /><przedmiot nazwa="biologia" /><przedmiot nazwa="angielski" /></uczen></klasa></dziennik>